trait,pval,pair,conf_low,conf_top,statistics,test_type,alpha
Length,4.64840952075368,higher_in vs lower_in,0.0753074242965335,0.175779891913221,0.120710338550299,ks,1
% ASN,0.318444185918871,higher_in vs lower_in,-0.133413884050184,0.0564151716572078,-0.0453996612313582,ks,0.4
% CYS,0.237426321312521,higher_in vs lower_in,-0.0272554920762772,0.113520610360859,0.044587122164582,ks,0.4
Q1_RSA,Inf,higher_in vs lower_in,-0.553370001947481,-0.41151191094754,-0.485364974706961,ks,1
Q3_pLDDT,Inf,higher_in vs lower_in,0.81210917243392,1.02292506391425,0.918313550172735,ks,1
Symmetric,6.97997198315792,higher_in vs lower_in,0.741682195597629,0.867513382100768,0.802137262322663,fisher,1
Transmembrane,52.6580162969542,higher_in vs lower_in,0.478167121000139,0.565601023241583,0.520061372573976,fisher,1
Domain,131.798771534507,higher_in vs lower_in,3.14218736116754,3.88229893964311,3.49113573195858,fisher,1
