trait,pval,conf_low,conf_top,statistics,test_type,alpha
Length,0.463887405431617,-0.156200917931249,-0.0363436756231323,-0.097616936132583,ks,1
% ASN,0.0247780690927637,-0.131170861647145,0.0270035116097646,-0.0524386218786025,ks,0.4
% CYS,0.108961508741539,-0.0695761837017318,0.0840178234462699,0.0108636757851077,ks,0.4
Q1_RSA,1.85212956899765,0.0812772768600158,0.208817117020653,0.146753792034045,ks,1
Q3_pLDDT,Inf,-0.454400086315657,-0.315323306820712,-0.38503385747298,ks,1
Symmetric,1.00496711670294,1.01448224738784,1.24238542997997,1.12266184597912,fisher,1
Transmembrane,5.24998475787495,1.17149758172132,1.45296772983046,1.30458366575755,fisher,1
Domain,5.24998475787495,1.17149758172132,1.45296772983046,1.30458366575755,fisher,1
