trait,pval,pair,conf_low,conf_top,statistics,test_type,alpha
Length,0.207707817191867,coloc vs non_colocL,-0.0284940566576615,0.148992841414673,0.0792061301531619,ks,0.4
% ASN,1.09493674401402,coloc vs non_colocL,0.11584508086818,0.276770627011802,0.187985981273259,ks,1
% CYS,0.617746699107568,coloc vs non_colocL,-0.31034887358656,-0.122613576273648,-0.212739095252838,ks,1
Q1_RSA,1.09493674401402,coloc vs non_colocL,0.157146323818898,0.396461081252468,0.246117364717943,ks,1
Q3_pLDDT,1.09493674401402,coloc vs non_colocL,-0.355999590199929,-0.0351500972735591,-0.270951984997596,ks,1
Symmetric,0.207707817191867,coloc vs non_colocL,0.774501811227989,1.15575564395764,0.946828914261646,fisher,0.4
Transmembrane,0.207707817191867,coloc vs non_colocL,0.755601212580051,1.16266413635654,0.939247027893643,fisher,0.4
Domain,0.207707817191867,coloc vs non_colocL,0.925567032930905,1.48025480442646,1.17156560290018,fisher,0.4
